respondent_id,NREI_overall,NREI_overall_cat3,ERM_final,ERM_category,cluster_kmeans,anomaly_iso
R0001,46.650000000000006,Moderate,-0.0988124999999999,Slightly Negative,1,0
R0002,48.18000000000001,Moderate,-0.0531,Slightly Negative,1,0
R0003,30.05,Low,-0.3514999999999999,Slightly Negative,1,0
R0004,59.68000000000001,Moderate,0.1744000000000001,Slightly Positive,0,0
R0005,41.44,Moderate,-0.0787999999999998,Slightly Negative,1,0
R0006,29.11,Low,-0.4076999999999999,Slightly Negative,1,0
R0007,43.38,Moderate,-0.1888499999999999,Slightly Negative,1,0
R0008,54.73,Moderate,0.14825,Slightly Positive,0,0
R0009,54.47,Moderate,0.2115500000000003,Slightly Positive,0,0
R0010,44.77,Moderate,0.0030499999999999,Slightly Positive,1,0
R0011,81.66000000000001,High,0.5684,Moderately Positive,0,1
R0012,39.18000000000001,Low,-0.12945,Slightly Negative,1,0
R0013,52.120000000000005,Moderate,-0.02445,Slightly Negative,1,0
R0014,46.150000000000006,Moderate,-0.0329166666666665,Slightly Negative,1,0
R0015,52.1875,Moderate,-0.1191249999999999,Slightly Negative,1,0
R0016,88.48750000000001,High,0.8816250000000001,Strongly Positive,0,1
R0017,48.88,Moderate,-0.1247999999999999,Slightly Negative,1,0
R0018,65.08333333333333,High,0.4827500000000002,Slightly Positive,0,0
R0019,74.06,High,0.5180500000000001,Moderately Positive,0,0
R0020,61.05,High,0.24875,Slightly Positive,0,0
R0021,41.02499999999999,Moderate,-0.4146875,Slightly Negative,1,0
R0022,35.5625,Low,-0.3399999999999999,Slightly Negative,1,0
R0023,50.39,Moderate,0.16425,Slightly Positive,0,0
R0024,32.25,Low,-0.4064375,Slightly Negative,1,0
R0025,37.93,Low,-0.3046999999999999,Slightly Negative,1,0
R0026,47.98333333333333,Moderate,-0.0617499999999999,Slightly Negative,1,0
R0027,68.94,High,0.3204500000000001,Slightly Positive,0,0
R0028,31.700000000000003,Low,-0.3536499999999999,Slightly Negative,1,0
R0029,55.72,Moderate,-0.0191999999999998,Slightly Negative,1,0
R0030,31.9,Low,-0.54175,Negative,1,0
R0031,52.35,Moderate,0.1362499999999999,Slightly Positive,0,0
R0032,49.81,Moderate,0.0074499999999999,Slightly Positive,1,0
R0033,67.25,High,0.4754999999999998,Slightly Positive,0,0
R0034,35.833333333333336,Low,-0.2853333333333333,Slightly Negative,1,0
R0035,55.95,Moderate,0.2167000000000001,Slightly Positive,0,0
R0036,46.28,Moderate,-0.1251,Slightly Negative,1,0
R0037,54.32,Moderate,0.1066,Slightly Positive,0,0
R0038,60.4875,High,0.106875,Slightly Positive,0,0
R0039,36.825,Low,-0.3132499999999999,Slightly Negative,1,0
R0040,26.67,Low,-0.5490999999999999,Negative,1,0
R0041,83.67,High,0.8288000000000002,Strongly Positive,0,1
R0042,57.61,Moderate,0.3562500000000002,Slightly Positive,0,0
R0043,25.17,Low,-0.6994,Negative,1,1
R0044,24.08,Low,-0.6002,Negative,1,0
R0045,21.76,Low,-0.6022,Negative,1,1
R0046,36.99,Low,-0.2138999999999999,Slightly Negative,1,0
R0047,45.45,Moderate,-0.1242499999999999,Slightly Negative,1,0
R0048,37.53,Low,-0.2136499999999999,Slightly Negative,1,0
R0049,38.75,Low,-0.1329374999999999,Slightly Negative,1,0
R0050,44.05,Moderate,-0.3,Slightly Negative,1,0
R0051,74.85,High,0.3762500000000002,Slightly Positive,0,0
R0052,58.2625,Moderate,0.1387499999999999,Slightly Positive,0,0
R0053,16.650000000000002,Low,-0.6160833333333333,Negative,1,1
R0054,40.25,Moderate,-0.2319999999999999,Slightly Negative,1,0
R0055,52.73,Moderate,0.1936,Slightly Positive,0,0
R0056,48.89,Moderate,-0.0314499999999999,Slightly Negative,1,0
R0057,56.440000000000005,Moderate,0.1663999999999998,Slightly Positive,0,0
R0058,59.2675,Moderate,0.2193375000000001,Slightly Positive,0,0
R0059,44.330000000000005,Moderate,0.0865499999999999,Slightly Positive,0,0
R0060,44.400000000000006,Moderate,-0.0834999999999999,Slightly Negative,1,0
R0061,80.25,High,0.6502500000000002,Moderately Positive,0,1
R0062,36.440000000000005,Low,-0.3008,Slightly Negative,1,0
R0063,67.95,High,0.28125,Slightly Positive,0,0
R0064,40.34,Moderate,-0.3416499999999999,Slightly Negative,1,0
R0065,75.94,High,0.6498500000000003,Moderately Positive,0,1
R0066,29.8625,Low,-0.4904999999999999,Slightly Negative,1,0
R0067,64.3,High,0.2079999999999999,Slightly Positive,0,0
R0068,36.45,Low,-0.3021874999999999,Slightly Negative,1,0
R0069,23.1,Low,-0.7282,Negative,1,1
R0070,59.56,Moderate,0.2478,Slightly Positive,0,0
R0071,54.25,Moderate,-0.1009999999999999,Slightly Negative,1,0
R0072,45.675,Moderate,-0.0020624999999998,Slightly Negative,1,0
R0073,40.71,Moderate,-0.2193999999999999,Slightly Negative,1,0
R0074,29.450000000000003,Low,-0.3924999999999999,Slightly Negative,1,0
R0075,86.95,High,0.9235000000000002,Strongly Positive,0,1
R0076,54.36,Moderate,0.1068000000000002,Slightly Positive,0,0
R0077,55.78,Moderate,0.3557000000000001,Slightly Positive,0,0
R0078,58.625,Moderate,0.162125,Slightly Positive,0,0
R0079,24.85,Low,-0.5585,Negative,1,0
R0080,38.0125,Low,-0.3389999999999999,Slightly Negative,1,0
R0081,60.125,High,0.2605625,Slightly Positive,0,0
R0082,60.337500000000006,High,0.232625,Slightly Positive,0,0
R0083,53.5625,Moderate,-0.0253124999999998,Slightly Negative,1,0
R0084,56.68000000000001,Moderate,0.0967,Slightly Positive,0,0
R0085,47.07,Moderate,-0.05925,Slightly Negative,1,0
R0086,50.5125,Moderate,-0.0149999999999999,Slightly Negative,1,0
R0087,40.78,Moderate,-0.1112499999999999,Slightly Negative,1,0
R0088,46.68000000000001,Moderate,-0.0772999999999999,Slightly Negative,1,0
R0089,54.84,Moderate,0.1567,Slightly Positive,0,0
R0090,56.55,Moderate,0.2450999999999998,Slightly Positive,0,0
R0091,37.42,Low,-0.1571,Slightly Negative,1,0
R0092,21.28,Low,-0.5591999999999999,Negative,1,0
R0093,51.525000000000006,Moderate,-0.14525,Slightly Negative,1,0
R0094,71.60000000000001,High,0.4566666666666668,Slightly Positive,0,0
R0095,38.75,Low,-0.3616499999999999,Slightly Negative,1,0
R0096,31.633333333333333,Low,-0.4582499999999999,Slightly Negative,1,0
R0097,39.91,Low,-0.1272999999999999,Slightly Negative,1,0
R0098,62.85,High,0.2497500000000001,Slightly Positive,0,0
R0099,54.23,Moderate,0.2658500000000001,Slightly Positive,0,0
R0100,40.2125,Moderate,-0.3165,Slightly Negative,1,0
R0101,45.650000000000006,Moderate,-0.12375,Slightly Negative,1,0
R0102,39.76,Low,-0.2141999999999999,Slightly Negative,1,0
R0103,40.21,Moderate,-0.2624999999999999,Slightly Negative,1,0
R0104,47.925,Moderate,0.088375,Slightly Positive,0,0
R0105,43.46,Moderate,-0.2039499999999999,Slightly Negative,1,0
R0106,41.67,Moderate,-0.0814999999999999,Slightly Negative,1,0
R0107,64.325,High,0.2039375000000001,Slightly Positive,0,0
R0108,66.27000000000001,High,0.4667500000000002,Slightly Positive,0,0
R0109,61.72,High,0.3468000000000002,Slightly Positive,0,0
R0110,44.66,Moderate,-0.1383499999999999,Slightly Negative,1,0
R0111,55.60000000000001,Moderate,0.2127000000000001,Slightly Positive,0,0
R0112,49.900000000000006,Moderate,-0.0361999999999999,Slightly Negative,1,0
R0113,43.5375,Moderate,-0.2523124999999999,Slightly Negative,1,0
R0114,56.55,Moderate,0.1087500000000001,Slightly Positive,0,0
R0115,43.32,Moderate,-0.2497499999999999,Slightly Negative,1,0
R0116,22.275,Low,-0.5435625,Negative,1,0
R0117,47.675,Moderate,0.0280625000000001,Slightly Positive,1,0
R0118,36.98,Low,-0.2157,Slightly Negative,1,0
R0119,53.510000000000005,Moderate,0.1230500000000001,Slightly Positive,0,0
R0120,50.25,Moderate,0.03855,Slightly Positive,1,0
R0121,49.42,Moderate,0.0035500000000001,Slightly Positive,1,0
R0122,71.93333333333334,High,0.3725,Slightly Positive,0,0
R0123,68.825,High,0.5074375,Moderately Positive,0,0
R0124,54.18000000000001,Moderate,0.20845,Slightly Positive,0,0
R0125,34.2375,Low,-0.3837499999999999,Slightly Negative,1,0
R0126,39.74,Low,-0.2596999999999999,Slightly Negative,1,0
R0127,46.708333333333336,Moderate,-0.0970625,Slightly Negative,1,0
R0128,31.12,Low,-0.46545,Slightly Negative,1,0
R0129,49.275000000000006,Moderate,-0.0179749999999998,Slightly Negative,1,0
R0130,43.22,Moderate,-0.0445499999999998,Slightly Negative,1,0
R0131,45.825,Moderate,-0.0948124999999999,Slightly Negative,1,0
R0132,44.4125,Moderate,-0.1861874999999999,Slightly Negative,1,0
R0133,47.040000000000006,Moderate,-0.14165,Slightly Negative,1,0
R0134,67.775,High,0.42025,Slightly Positive,0,0
R0135,29.450000000000003,Low,-0.5217499999999999,Negative,1,0
R0136,44.73,Moderate,-0.0976999999999999,Slightly Negative,1,0
R0137,58.68333333333334,Moderate,0.2023749999999999,Slightly Positive,0,0
R0138,55.25,Moderate,0.0827500000000001,Slightly Positive,0,0
R0139,68.21000000000001,High,0.3803000000000001,Slightly Positive,0,0
R0140,68.7375,High,0.3004375000000001,Slightly Positive,0,0
R0141,66.375,High,0.3435625,Slightly Positive,0,0
R0142,47.98,Moderate,-0.0636999999999998,Slightly Negative,1,0
R0143,48.6875,Moderate,-0.1579999999999999,Slightly Negative,1,0
R0144,63.52,High,0.4134,Slightly Positive,0,0
R0145,36.59,Low,-0.17435,Slightly Negative,1,0
R0146,50.25,Moderate,0.1622000000000001,Slightly Positive,0,0
R0147,34.86,Low,-0.5297,Negative,1,0
R0148,59.56,Moderate,0.3664,Slightly Positive,0,0
R0149,31.012500000000003,Low,-0.4886874999999999,Slightly Negative,1,0
R0150,40.44,Moderate,-0.3264,Slightly Negative,1,0
R0151,76.1,High,0.55315,Moderately Positive,0,0
R0152,54.7875,Moderate,0.2886875,Slightly Positive,0,0
R0153,48.15,Moderate,-0.0950999999999999,Slightly Negative,1,0
R0154,46.61,Moderate,-0.1095,Slightly Negative,1,0
R0155,33.300000000000004,Low,-0.4419999999999999,Slightly Negative,1,0
R0156,20.15,Low,-0.625,Negative,1,0
R0157,60.575,High,0.1486875,Slightly Positive,0,0
R0158,45.833333333333336,Moderate,-0.1833333333333332,Slightly Negative,1,0
R0159,50.8625,Moderate,0.0598125,Slightly Positive,0,0
R0160,61.065,High,0.1187,Slightly Positive,0,0
R0161,55.47,Moderate,0.2851000000000001,Slightly Positive,0,0
R0162,41.53333333333333,Moderate,-0.1285,Slightly Negative,1,0
R0163,41.6,Moderate,-0.044875,Slightly Negative,1,0
R0164,57.8,Moderate,0.0922499999999999,Slightly Positive,0,0
R0165,45.06,Moderate,0.0544500000000001,Slightly Positive,1,0
R0166,42.01,Moderate,-0.2764999999999999,Slightly Negative,1,0
R0167,36.42,Low,-0.2239499999999999,Slightly Negative,1,0
R0168,56.75,Moderate,0.2265000000000001,Slightly Positive,0,0
R0169,76.975,High,0.5505624999999998,Moderately Positive,0,0
R0170,73.95,High,0.5731000000000002,Moderately Positive,0,0
R0171,64.2,High,0.3560625000000001,Slightly Positive,0,0
R0172,54.38,Moderate,0.1646,Slightly Positive,0,0
R0173,54.8875,Moderate,0.0473750000000001,Slightly Positive,0,0
R0174,60.120000000000005,High,0.1346,Slightly Positive,0,0
R0175,34.39,Low,-0.3155999999999999,Slightly Negative,1,0
R0176,45.11,Moderate,-0.1232999999999998,Slightly Negative,1,0
R0177,36.75,Low,-0.3388749999999999,Slightly Negative,1,0
R0178,64.66666666666667,High,0.3381666666666667,Slightly Positive,0,0
R0179,59.400000000000006,Moderate,0.1819999999999999,Slightly Positive,0,0
R0180,72.85,High,0.524,Moderately Positive,0,0
R0181,45.45,Moderate,-0.2310499999999999,Slightly Negative,1,0
R0182,44.96,Moderate,-0.1668,Slightly Negative,1,0
R0183,62.95,High,0.2842500000000001,Slightly Positive,0,0
R0184,71.35,High,0.6335000000000002,Moderately Positive,0,0
R0185,44.94,Moderate,-0.1529499999999999,Slightly Negative,1,0
R0186,47.18000000000001,Moderate,-0.0869499999999999,Slightly Negative,1,0
R0187,31.1875,Low,-0.4030625,Slightly Negative,1,0
R0188,48.92,Moderate,-0.0832499999999999,Slightly Negative,1,0
R0189,68.125,High,0.2958750000000001,Slightly Positive,0,0
R0190,37.4875,Low,-0.3443125,Slightly Negative,1,0
R0191,36.88,Low,-0.472,Slightly Negative,1,0
R0192,55.23,Moderate,0.11745,Slightly Positive,0,0
R0193,39.56666666666666,Low,-0.2332499999999999,Slightly Negative,1,0
R0194,54.625,Moderate,0.04275,Slightly Positive,0,0
R0195,59.6875,Moderate,0.2281875000000002,Slightly Positive,0,0
R0196,40.6375,Moderate,-0.2446249999999998,Slightly Negative,1,0
R0198,36.24,Low,-0.2988999999999999,Slightly Negative,1,0
R0199,41.375,Moderate,-0.3074375,Slightly Negative,1,0
R0200,52.425,Moderate,0.1868125000000002,Slightly Positive,0,0
