respondent_id,VfV_overall,FCNC_overall,ID_overall,VfV_n,FCNC_n,ID_n,ERM_equal,ERM_value_emphasis,ERM_integrity_emphasis,ERM_procedural_emphasis,ERM_final,ERM_category
R0001,37.5,46.5625,50.9375,0.375,0.465625,0.509375,-0.09881249999999997,-0.13749999999999996,-0.0703125,-0.09218750000000009,-0.09881249999999997,Slightly Negative
R0002,43.75,41.25,56.75,0.4375,0.4125,0.5675,-0.053100000000000036,-0.07250000000000001,-0.007500000000000062,-0.08499999999999996,-0.053100000000000036,Slightly Negative
R0003,32.0,32.0,33.25,0.32,0.32,0.3325,-0.3514999999999999,-0.35375,-0.3474999999999999,-0.35375,-0.3514999999999999,Slightly Negative
R0004,56.0,56.0,64.0,0.56,0.56,0.64,0.1744000000000001,0.16000000000000014,0.20000000000000018,0.16000000000000014,0.1744000000000001,Slightly Positive
R0005,38.0,48.0,52.0,0.38,0.48,0.52,-0.07879999999999987,-0.12,-0.050000000000000044,-0.07000000000000006,-0.07879999999999987,Slightly Negative
R0006,28.0,28.0,32.75,0.28,0.28,0.3275,-0.40769999999999995,-0.41625,-0.39249999999999996,-0.41625,-0.40769999999999995,Slightly Negative
R0007,48.75,35.0,38.0,0.4875,0.35,0.38,-0.18884999999999996,-0.14749999999999996,-0.20125000000000004,-0.21625000000000005,-0.18884999999999996,Slightly Negative
R0008,60.25,55.0,57.0,0.6025,0.55,0.57,0.14825,0.1625000000000001,0.14625,0.13624999999999998,0.14825,Slightly Positive
R0009,63.000000000000014,58.75,60.0,0.6300000000000001,0.5875,0.6,0.21155000000000035,0.22375000000000012,0.2087500000000002,0.20250000000000012,0.21155000000000035,Slightly Positive
R0010,46.75,55.0,48.75,0.4675,0.55,0.4875,0.003049999999999997,-0.013749999999999929,-0.00374999999999992,0.02750000000000008,0.003049999999999997,Slightly Positive
R0011,81.0,67.0,87.0,0.81,0.67,0.87,0.5684,0.5800000000000001,0.6099999999999999,0.5100000000000002,0.5684,Moderately Positive
R0012,48.75,44.0,38.0,0.4875,0.44,0.38,-0.12945000000000007,-0.10250000000000004,-0.15625,-0.12624999999999997,-0.12945000000000007,Slightly Negative
R0013,54.25,57.5,35.0,0.5425,0.575,0.35,-0.024450000000000083,0.004999999999999893,-0.09125000000000005,0.02124999999999999,-0.024450000000000083,Slightly Negative
R0014,55.0,53.75,36.66666666666666,0.55,0.5375,0.3666666666666666,-0.032916666666666594,0.002083333333333437,-0.08958333333333346,-0.004166666666666652,-0.032916666666666594,Slightly Negative
R0015,50.0,40.0,42.1875,0.5,0.4,0.421875,-0.11912499999999993,-0.08906250000000004,-0.12812500000000004,-0.13906249999999998,-0.11912499999999993,Slightly Negative
R0016,92.5,93.75,95.9375,0.925,0.9375,0.959375,0.8816250000000001,0.8734375000000001,0.890625,0.8796875,0.8816250000000001,Strongly Positive
R0017,30.0,48.0,53.0,0.3,0.48,0.53,-0.12479999999999991,-0.19499999999999995,-0.07999999999999996,-0.10499999999999998,-0.12479999999999991,Slightly Negative
R0018,77.5,73.75,71.25,0.775,0.7375,0.7125,0.48275000000000023,0.5,0.46875,0.48124999999999996,0.48275000000000023,Slightly Positive
R0019,71.0,82.25,74.5,0.71,0.8225,0.745,0.5180500000000001,0.4937499999999999,0.51125,0.55,0.5180500000000001,Moderately Positive
R0020,63.75,67.5,56.25,0.6375,0.675,0.5625,0.24875000000000003,0.2562500000000001,0.21875,0.2749999999999999,0.24875000000000003,Slightly Positive
R0021,21.5625,37.5,28.75,0.215625,0.375,0.2875,-0.4146875,-0.453125,-0.41718750000000004,-0.3734375000000001,-0.4146875,Slightly Negative
R0022,30.3125,27.1875,41.25,0.303125,0.271875,0.4125,-0.33999999999999997,-0.35468750000000004,-0.30000000000000004,-0.37031250000000004,-0.33999999999999997,Slightly Negative
R0023,68.0,52.25,54.5,0.68,0.5225,0.545,0.16425,0.2137500000000001,0.1462500000000002,0.135,0.16425,Slightly Positive
R0024,31.25,18.4375,39.0625,0.3125,0.184375,0.390625,-0.4064375,-0.4,-0.3609375,-0.46406250000000004,-0.4064375,Slightly Negative
R0025,32.5,44.0,28.0,0.325,0.44,0.28,-0.30469999999999997,-0.31499999999999995,-0.3374999999999999,-0.25749999999999995,-0.30469999999999997,Slightly Negative
R0026,47.5,49.583333333333336,43.75,0.475,0.49583333333333335,0.4375,-0.06174999999999997,-0.05833333333333335,-0.07708333333333339,-0.04791666666666661,-0.06174999999999997,Slightly Negative
R0027,67.25,71.0,60.0,0.6725,0.71,0.6,0.3204500000000001,0.3274999999999999,0.2912499999999998,0.34624999999999995,0.3204500000000001,Slightly Positive
R0028,27.75,30.0,39.0,0.2775,0.3,0.39,-0.3536499999999999,-0.37749999999999995,-0.32125000000000004,-0.36624999999999996,-0.3536499999999999,Slightly Negative
R0029,46.0,48.0,53.0,0.46,0.48,0.53,-0.019199999999999884,-0.03500000000000003,0.0,-0.025000000000000022,-0.019199999999999884,Slightly Negative
R0030,13.75,32.5,22.5,0.1375,0.325,0.225,-0.54175,-0.5874999999999999,-0.54375,-0.4937499999999999,-0.54175,Negative
R0031,57.1875,52.1875,60.9375,0.571875,0.521875,0.609375,0.13624999999999998,0.13749999999999996,0.15625,0.11250000000000004,0.13624999999999998,Slightly Positive
R0032,55.0,50.25,46.0,0.55,0.5025,0.46,0.007449999999999957,0.03125,-0.013749999999999929,0.007500000000000062,0.007449999999999957,Slightly Positive
R0033,70.0,75.0,76.25,0.7,0.75,0.7625,0.4754999999999998,0.4562499999999998,0.4874999999999998,0.4812500000000002,0.4754999999999998,Slightly Positive
R0034,55.0,26.666666666666668,25.83333333333333,0.55,0.26666666666666666,0.2583333333333333,-0.2853333333333333,-0.1875,-0.33333333333333337,-0.3291666666666666,-0.2853333333333333,Slightly Negative
R0035,54.75,66.75,61.0,0.5475,0.6675,0.61,0.21670000000000011,0.18625000000000003,0.2174999999999998,0.24624999999999986,0.21670000000000011,Slightly Positive
R0036,46.0,33.5,51.5,0.46,0.335,0.515,-0.1251,-0.11499999999999999,-0.08749999999999991,-0.1775,-0.1251,Slightly Negative
R0037,58.0,53.0,55.0,0.58,0.53,0.55,0.10660000000000003,0.1200000000000001,0.10499999999999998,0.0950000000000002,0.10660000000000003,Slightly Positive
R0038,48.75,58.75,58.4375,0.4875,0.5875,0.584375,0.10687500000000005,0.07343750000000004,0.12187499999999996,0.12343750000000009,0.10687500000000005,Slightly Positive
R0039,32.5,40.0,30.625000000000004,0.325,0.4,0.30625,-0.3132499999999999,-0.3218749999999999,-0.33124999999999993,-0.28437500000000004,-0.3132499999999999,Slightly Negative
R0040,28.0,21.0,18.75,0.28,0.21,0.1875,-0.5490999999999999,-0.52125,-0.5675,-0.55625,-0.5490999999999999,Negative
R0041,95.5,85.0,93.75,0.955,0.85,0.9375,0.8288000000000002,0.8487499999999999,0.8399999999999999,0.7962499999999999,0.8288000000000002,Strongly Positive
R0042,65.5,63.75,74.0,0.655,0.6375,0.74,0.3562500000000002,0.34375,0.38625,0.33499999999999996,0.3562500000000002,Slightly Positive
R0043,7.25,19.75,18.0,0.0725,0.1975,0.18,-0.6994,-0.73875,-0.685,-0.67625,-0.6994,Negative
R0044,26.0,15.0,19.0,0.26,0.15,0.19,-0.6002,-0.57,-0.605,-0.625,-0.6002,Negative
R0045,33.0,18.0,9.0,0.33,0.18,0.09,-0.6022,-0.5349999999999999,-0.655,-0.6100000000000001,-0.6022,Negative
R0046,32.0,41.0,44.75,0.32,0.41,0.4475,-0.21389999999999998,-0.25125,-0.1875,-0.20625000000000004,-0.21389999999999998,Slightly Negative
R0047,40.0,43.75,47.5,0.4,0.4375,0.475,-0.12424999999999997,-0.14375000000000004,-0.10624999999999996,-0.125,-0.12424999999999997,Slightly Negative
R0048,33.0,38.75,46.0,0.33,0.3875,0.46,-0.2136499999999999,-0.24624999999999997,-0.1812499999999999,-0.21750000000000003,-0.2136499999999999,Slightly Negative
R0049,37.5,47.1875,45.3125,0.375,0.471875,0.453125,-0.13293749999999993,-0.16249999999999998,-0.12343749999999998,-0.11406249999999996,-0.13293749999999993,Slightly Negative
R0050,30.0,40.0,35.0,0.3,0.4,0.35,-0.30000000000000004,-0.32499999999999996,-0.30000000000000004,-0.2749999999999999,-0.30000000000000004,Slightly Negative
R0051,65.0,66.25,75.0,0.65,0.6625,0.75,0.3762500000000002,0.35624999999999996,0.40625,0.36250000000000004,0.3762500000000002,Slightly Positive
R0052,65.625,52.5,52.8125,0.65625,0.525,0.528125,0.13874999999999993,0.18281249999999982,0.11874999999999991,0.1171875,0.13874999999999993,Slightly Positive
R0053,18.33333333333333,31.25,8.333333333333332,0.1833333333333333,0.3125,0.08333333333333331,-0.6160833333333333,-0.61875,-0.6687500000000001,-0.5541666666666667,-0.6160833333333333,Negative
R0054,32.5,37.5,45.0,0.325,0.375,0.45,-0.23199999999999998,-0.26250000000000007,-0.19999999999999996,-0.23750000000000004,-0.23199999999999998,Slightly Negative
R0055,54.75,71.75,52.75,0.5475,0.7175,0.5275,0.1936,0.16999999999999993,0.16000000000000014,0.2549999999999999,0.1936,Slightly Positive
R0056,48.0,47.75,49.5,0.48,0.4775,0.495,-0.03144999999999998,-0.03374999999999995,-0.026249999999999996,-0.03499999999999992,-0.03144999999999998,Slightly Negative
R0057,58.0,60.0,57.0,0.58,0.6,0.57,0.16639999999999988,0.1649999999999998,0.15999999999999992,0.17499999999999982,0.16639999999999988,Slightly Positive
R0058,55.0,59.6875,68.0,0.55,0.596875,0.68,0.21933750000000019,0.18843750000000004,0.2534375,0.21187500000000004,0.21933750000000019,Slightly Positive
R0059,60.0,57.75,45.5,0.6,0.5775,0.455,0.0865499999999999,0.11624999999999996,0.043749999999999956,0.10499999999999998,0.0865499999999999,Slightly Positive
R0060,42.5,50.0,45.0,0.425,0.5,0.45,-0.08349999999999991,-0.09999999999999998,-0.08749999999999991,-0.0625,-0.08349999999999991,Slightly Negative
R0061,83.75,80.0,83.75,0.8375,0.8,0.8375,0.6502500000000002,0.65625,0.65625,0.6375,0.6502500000000002,Moderately Positive
R0062,37.0,36.99999999999999,31.0,0.37,0.36999999999999994,0.31,-0.30080000000000007,-0.29000000000000004,-0.32000000000000006,-0.29000000000000004,-0.30080000000000007,Slightly Negative
R0063,71.25,67.5,53.75,0.7125,0.675,0.5375,0.28125,0.3187500000000001,0.23125000000000018,0.30000000000000004,0.28125,Slightly Positive
R0064,32.75,33.0,33.0,0.3275,0.33,0.33,-0.3416499999999999,-0.3424999999999999,-0.34125000000000005,-0.34124999999999994,-0.3416499999999999,Slightly Negative
R0065,77.25,80.0,90.0,0.7725,0.8,0.9,0.6498500000000003,0.6224999999999998,0.68625,0.63625,0.6498500000000003,Moderately Positive
R0066,30.0,25.625,20.9375,0.3,0.25625,0.209375,-0.49049999999999994,-0.4671875,-0.5125000000000001,-0.48906249999999996,-0.49049999999999994,Slightly Negative
R0067,66.25,56.25,58.75,0.6625,0.5625,0.5875,0.20799999999999996,0.23750000000000004,0.20000000000000018,0.1875,0.20799999999999996,Slightly Positive
R0068,25.3125,45.0,34.375,0.253125,0.45,0.34375,-0.30218749999999994,-0.35,-0.3046875,-0.2515625,-0.30218749999999994,Slightly Negative
R0069,10.0,8.0,22.5,0.1,0.08,0.225,-0.7282,-0.7475,-0.685,-0.7575000000000001,-0.7282,Negative
R0070,57.0,62.0,68.0,0.57,0.62,0.68,0.24780000000000002,0.21999999999999997,0.2749999999999999,0.2450000000000001,0.24780000000000002,Slightly Positive
R0071,52.5,42.5,40.0,0.525,0.425,0.4,-0.10099999999999998,-0.0625,-0.125,-0.11250000000000004,-0.10099999999999998,Slightly Negative
R0072,43.4375,56.25,50.0,0.434375,0.5625,0.5,-0.002062499999999856,-0.034375000000000044,-0.0015625000000000222,0.02968750000000009,-0.002062499999999856,Slightly Negative
R0073,33.0,33.5,50.25,0.33,0.335,0.5025,-0.21939999999999993,-0.25125,-0.16500000000000004,-0.24875000000000003,-0.21939999999999993,Slightly Negative
R0074,25.0,40.0,26.25,0.25,0.4,0.2625,-0.39249999999999996,-0.41874999999999996,-0.4125,-0.34375,-0.39249999999999996,Slightly Negative
R0075,100.0,100.0,88.75,1.0,1.0,0.8875,0.9235000000000002,0.9437500000000001,0.8875,0.9437500000000001,0.9235000000000002,Strongly Positive
R0076,55.0,55.0,56.0,0.55,0.55,0.56,0.10680000000000023,0.10499999999999998,0.1100000000000001,0.10499999999999998,0.10680000000000023,Slightly Positive
R0077,75.0,65.5,63.0,0.75,0.655,0.63,0.3557000000000001,0.39250000000000007,0.3325,0.345,0.3557000000000001,Slightly Positive
R0078,68.75,49.375,56.25,0.6875,0.49375,0.5625,0.16212500000000007,0.21562499999999996,0.15312499999999996,0.11874999999999991,0.16212500000000007,Slightly Positive
R0079,30.0,15.0,21.25,0.3,0.15,0.2125,-0.5585,-0.51875,-0.5625,-0.59375,-0.5585,Negative
R0080,30.0,33.125,35.9375,0.3,0.33125,0.359375,-0.33899999999999997,-0.35468750000000004,-0.32499999999999996,-0.33906250000000004,-0.33899999999999997,Slightly Negative
R0081,52.8125,72.5,63.75,0.528125,0.725,0.6375,0.26056250000000003,0.2093750000000001,0.26406249999999987,0.3078124999999998,0.26056250000000003,Slightly Positive
R0082,61.25,55.0,68.4375,0.6125,0.55,0.684375,0.23262500000000008,0.22968750000000004,0.265625,0.19843750000000004,0.23262500000000008,Slightly Positive
R0083,58.75,50.9375,36.875,0.5875,0.509375,0.36875,-0.02531249999999985,0.026562500000000044,-0.08281249999999996,-0.012499999999999956,-0.02531249999999985,Slightly Negative
R0084,62.0,47.5,55.0,0.62,0.475,0.55,0.09670000000000001,0.13249999999999984,0.09750000000000014,0.06000000000000005,0.09670000000000001,Slightly Positive
R0085,37.0,44.75,59.0,0.37,0.4475,0.59,-0.059250000000000025,-0.11125000000000007,-0.0012499999999999734,-0.07250000000000001,-0.059250000000000025,Slightly Negative
R0086,53.75,46.875,47.1875,0.5375,0.46875,0.471875,-0.014999999999999902,0.0078125,-0.02499999999999991,-0.026562499999999933,-0.014999999999999902,Slightly Negative
R0087,49.0,46.25,38.25,0.49,0.4625,0.3825,-0.11124999999999996,-0.08750000000000002,-0.14125,-0.10124999999999995,-0.11124999999999996,Slightly Negative
R0088,52.5,43.0,43.0,0.525,0.43,0.43,-0.07729999999999992,-0.04500000000000004,-0.09250000000000003,-0.09250000000000003,-0.07729999999999992,Slightly Negative
R0089,46.5,69.0,58.000000000000014,0.465,0.69,0.5800000000000002,0.15670000000000006,0.10000000000000009,0.1575000000000002,0.21250000000000013,0.15670000000000006,Slightly Positive
R0090,54.0,70.0,62.75,0.54,0.7,0.6275,0.24509999999999987,0.20374999999999988,0.24750000000000005,0.28374999999999995,0.24509999999999987,Slightly Positive
R0091,49.75,45.25,31.75,0.4975,0.4525,0.3175,-0.15710000000000002,-0.11749999999999994,-0.20750000000000002,-0.1399999999999999,-0.15710000000000002,Slightly Negative
R0092,23.0,17.0,26.0,0.23,0.17,0.26,-0.5591999999999999,-0.5549999999999999,-0.54,-0.585,-0.5591999999999999,Negative
R0093,40.0,42.5,45.625,0.4,0.425,0.45625,-0.14525,-0.15937499999999993,-0.1312500000000001,-0.14687499999999998,-0.14525,Slightly Negative
R0094,60.0,80.0,78.33333333333333,0.6,0.8,0.7833333333333333,0.4566666666666668,0.3916666666666666,0.4833333333333334,0.4916666666666667,0.4566666666666668,Slightly Positive
R0095,30.25,25.0,40.25,0.3025,0.25,0.4025,-0.3616499999999999,-0.37124999999999997,-0.32125000000000004,-0.39749999999999996,-0.3616499999999999,Slightly Negative
R0096,28.75,25.0,27.5,0.2875,0.25,0.275,-0.45824999999999994,-0.44999999999999996,-0.45625000000000004,-0.46875,-0.45824999999999994,Slightly Negative
R0097,55.75,34.75,40.5,0.5575,0.3475,0.405,-0.12729999999999997,-0.06625000000000003,-0.14249999999999996,-0.17125,-0.12729999999999997,Slightly Negative
R0098,63.75,62.5,61.25,0.6375,0.625,0.6125,0.24975000000000014,0.2562500000000001,0.2437499999999999,0.25,0.24975000000000014,Slightly Positive
R0099,68.75,62.0,59.25,0.6875,0.62,0.5925,0.26585000000000014,0.2937500000000002,0.24625000000000008,0.26,0.26585000000000014,Slightly Positive
R0100,27.8125,39.6875,35.0,0.278125,0.396875,0.35,-0.3165,-0.34843749999999996,-0.3125,-0.2890625,-0.3165,Slightly Negative
R0101,35.0,46.25,50.0,0.35,0.4625,0.5,-0.12375000000000003,-0.16874999999999996,-0.09375,-0.11250000000000004,-0.12375000000000003,Slightly Negative
R0102,39.0,44.0,35.0,0.39,0.44,0.35,-0.21419999999999995,-0.21500000000000008,-0.235,-0.18999999999999995,-0.21419999999999995,Slightly Negative
R0103,38.25,22.75,49.25,0.3825,0.2275,0.4925,-0.26249999999999996,-0.25749999999999995,-0.2025,-0.33499999999999996,-0.26249999999999996,Slightly Negative
R0104,47.5,56.875,58.75,0.475,0.56875,0.5875,0.08837500000000009,0.05312499999999987,0.109375,0.09999999999999987,0.08837500000000009,Slightly Positive
R0105,35.25,39.0,45.0,0.3525,0.39,0.45,-0.20394999999999996,-0.22750000000000004,-0.17874999999999996,-0.20875,-0.20394999999999996,Slightly Negative
R0106,41.0,50.0,46.75,0.41,0.5,0.4675,-0.0814999999999999,-0.10625000000000007,-0.07750000000000001,-0.06125000000000003,-0.0814999999999999,Slightly Negative
R0107,58.4375,73.75,48.75,0.584375,0.7375,0.4875,0.2039375000000001,0.1968749999999999,0.1484375,0.2734375,0.2039375000000001,Slightly Positive
R0108,74.25,72.0,73.75,0.7425,0.72,0.7375,0.4667500000000002,0.47124999999999995,0.46875,0.45999999999999996,0.4667500000000002,Slightly Positive
R0109,61.0,73.0,68.0,0.61,0.73,0.68,0.3468000000000002,0.31499999999999995,0.3500000000000001,0.375,0.3468000000000002,Slightly Positive
R0110,48.25,38.0,43.0,0.4825,0.38,0.43,-0.13834999999999997,-0.11250000000000004,-0.13874999999999993,-0.16375000000000006,-0.13834999999999997,Slightly Negative
R0111,62.0,54.0,65.75,0.62,0.54,0.6575,0.2127000000000001,0.21875,0.23750000000000004,0.17874999999999996,0.2127000000000001,Slightly Positive
R0112,41.75,52.25,50.5,0.4175,0.5225,0.505,-0.0361999999999999,-0.06875000000000009,-0.025000000000000022,-0.016250000000000098,-0.0361999999999999,Slightly Negative
R0113,38.75,37.1875,36.25,0.3875,0.371875,0.3625,-0.25231249999999994,-0.24531249999999993,-0.2578125,-0.25312499999999993,-0.25231249999999994,Slightly Negative
R0114,52.5,56.25,57.5,0.525,0.5625,0.575,0.10875000000000012,0.09375,0.11874999999999991,0.11249999999999982,0.10875000000000012,Slightly Positive
R0115,54.0,36.75,22.25,0.54,0.3675,0.2225,-0.24974999999999992,-0.16500000000000004,-0.32375,-0.2512500000000001,-0.24974999999999992,Slightly Negative
R0116,19.6875,25.0,23.75,0.196875,0.25,0.2375,-0.5435625,-0.559375,-0.5390625,-0.5328125,-0.5435625,Negative
R0117,46.5625,51.25,56.25,0.465625,0.5125,0.5625,0.0280625000000001,0.0031250000000000444,0.051562499999999956,0.026562499999999822,0.0280625000000001,Slightly Positive
R0118,36.0,37.5,44.0,0.36,0.375,0.44,-0.2157,-0.23250000000000004,-0.1925,-0.2250000000000001,-0.2157,Slightly Negative
R0119,58.0,64.25,46.5,0.58,0.6425,0.465,0.1230500000000001,0.1337499999999998,0.07624999999999993,0.1649999999999998,0.1230500000000001,Slightly Positive
R0120,47.5,55.25,53.0,0.475,0.5525,0.53,0.038550000000000084,0.016249999999999876,0.043749999999999956,0.05500000000000016,0.038550000000000084,Slightly Positive
R0121,53.0,46.25,51.25,0.53,0.4625,0.5125,0.003550000000000164,0.01750000000000007,0.008750000000000036,-0.016249999999999987,0.003550000000000164,Slightly Positive
R0122,64.16666666666667,71.66666666666667,70.0,0.6416666666666667,0.7166666666666667,0.7,0.37250000000000005,0.3500000000000001,0.37916666666666665,0.3875000000000002,0.37250000000000005,Slightly Positive
R0123,78.4375,66.25,81.25,0.784375,0.6625,0.8125,0.5074375,0.5218750000000001,0.5359375,0.4609375,0.5074375,Moderately Positive
R0124,48.0,72.25,61.0,0.48,0.7225,0.61,0.20845000000000002,0.14625,0.21125000000000016,0.26750000000000007,0.20845000000000002,Slightly Positive
R0125,28.4375,35.3125,28.75,0.284375,0.353125,0.2875,-0.3837499999999999,-0.39531249999999996,-0.39375000000000004,-0.3609374999999999,-0.3837499999999999,Slightly Negative
R0126,34.5,38.0,38.5,0.345,0.38,0.385,-0.25969999999999993,-0.2725000000000001,-0.25249999999999995,-0.255,-0.25969999999999993,Slightly Negative
R0127,42.8125,46.66666666666666,45.9375,0.428125,0.46666666666666656,0.459375,-0.09706250000000005,-0.1088541666666667,-0.0932291666666667,-0.08958333333333335,-0.09706250000000005,Slightly Negative
R0128,28.75,27.0,24.5,0.2875,0.27,0.245,-0.46545000000000003,-0.45500000000000007,-0.47625000000000006,-0.46375,-0.46545000000000003,Slightly Negative
R0129,46.0,56.75,44.6875,0.46,0.5675,0.446875,-0.017974999999999852,-0.03281249999999991,-0.03937499999999994,0.020937500000000053,-0.017974999999999852,Slightly Negative
R0130,39.25,54.0,50.0,0.3925,0.54,0.5,-0.04454999999999987,-0.08749999999999991,-0.03374999999999995,-0.013749999999999929,-0.04454999999999987,Slightly Negative
R0131,55.9375,40.0,40.0,0.559375,0.4,0.4,-0.09481249999999997,-0.04062500000000013,-0.12031250000000004,-0.12031250000000004,-0.09481249999999997,Slightly Negative
R0132,37.1875,37.5,47.1875,0.371875,0.375,0.471875,-0.18618749999999995,-0.20468750000000002,-0.1546875000000001,-0.203125,-0.18618749999999995,Slightly Negative
R0133,48.25,46.0,34.75,0.4825,0.46,0.3475,-0.14165000000000005,-0.11375000000000002,-0.18125000000000002,-0.125,-0.14165000000000005,Slightly Negative
R0134,75.0,70.0,68.125,0.75,0.7,0.68125,0.42025,0.44062500000000004,0.40625,0.4156249999999999,0.42025,Slightly Positive
R0135,20.0,11.25,40.0,0.2,0.1125,0.4,-0.5217499999999999,-0.54375,-0.44375,-0.5874999999999999,-0.5217499999999999,Negative
R0136,49.0,38.0,48.25,0.49,0.38,0.4825,-0.0976999999999999,-0.0787500000000001,-0.08250000000000002,-0.13375000000000004,-0.0976999999999999,Slightly Negative
R0137,58.125,57.083333333333336,65.0,0.58125,0.5708333333333333,0.65,0.20237499999999997,0.19166666666666665,0.2260416666666667,0.1864583333333334,0.20237499999999997,Slightly Positive
R0138,49.0625,51.5625,61.5625,0.490625,0.515625,0.615625,0.0827500000000001,0.05624999999999991,0.11874999999999991,0.06875000000000009,0.0827500000000001,Slightly Positive
R0139,70.0,75.0,62.25,0.7,0.75,0.6225,0.3803000000000001,0.38625,0.34750000000000014,0.4112500000000001,0.3803000000000001,Slightly Positive
R0140,60.0,57.1875,77.5,0.6,0.571875,0.775,0.30043750000000014,0.2734375,0.3609374999999999,0.2593749999999999,0.30043750000000014,Slightly Positive
R0141,74.0625,61.25000000000001,66.25,0.740625,0.6125,0.6625,0.3435625,0.37812500000000004,0.3390624999999998,0.31406250000000013,0.3435625,Slightly Positive
R0142,42.0,53.5,45.0,0.42,0.535,0.45,-0.06369999999999987,-0.08750000000000002,-0.07250000000000001,-0.030000000000000027,-0.06369999999999987,Slightly Negative
R0143,35.9375,46.5625,43.75,0.359375,0.465625,0.4375,-0.15799999999999992,-0.18906250000000002,-0.15000000000000002,-0.13593750000000004,-0.15799999999999992,Slightly Negative
R0144,69.0,72.0,71.0,0.69,0.72,0.71,0.4134,0.4049999999999998,0.41500000000000004,0.41999999999999993,0.4134,Slightly Positive
R0145,49.75,38.0,36.25,0.4975,0.38,0.3625,-0.17435,-0.13124999999999998,-0.19874999999999998,-0.18999999999999995,-0.17435,Slightly Negative
R0146,59.0,63.0,52.5,0.59,0.63,0.525,0.16220000000000012,0.16749999999999998,0.135,0.1875,0.16220000000000012,Slightly Positive
R0147,19.0,26.5,25.0,0.19,0.265,0.25,-0.5297,-0.5525,-0.5225,-0.515,-0.5297,Negative
R0148,71.0,67.0,67.0,0.71,0.67,0.67,0.36640000000000006,0.3799999999999999,0.3599999999999999,0.3599999999999999,0.36640000000000006,Slightly Positive
R0149,22.5,24.0625,30.0,0.225,0.240625,0.3,-0.48868749999999994,-0.5046875,-0.4671875,-0.49687499999999996,-0.48868749999999994,Slightly Negative
R0150,41.0,25.0,35.0,0.41,0.25,0.35,-0.3264,-0.29000000000000004,-0.32000000000000006,-0.3700000000000001,-0.3264,Slightly Negative
R0151,73.75,74.0,85.0,0.7375,0.74,0.85,0.55315,0.5325,0.5887500000000001,0.5337500000000002,0.55315,Moderately Positive
R0152,68.75,64.6875,60.0,0.6875,0.646875,0.6,0.2886875,0.3109375000000001,0.2671874999999999,0.2906249999999999,0.2886875,Slightly Positive
R0153,46.0,45.0,44.75,0.46,0.45,0.4475,-0.09509999999999996,-0.09124999999999994,-0.09749999999999992,-0.09624999999999995,-0.09509999999999996,Slightly Negative
R0154,34.75,51.75,47.0,0.3475,0.5175,0.47,-0.10950000000000004,-0.15875000000000006,-0.09750000000000003,-0.0737500000000001,-0.10950000000000004,Slightly Negative
R0155,33.75,23.75,26.25,0.3375,0.2375,0.2625,-0.44199999999999995,-0.4125,-0.44999999999999996,-0.4625,-0.44199999999999995,Slightly Negative
R0156,22.5,15.0,18.75,0.225,0.15,0.1875,-0.625,-0.60625,-0.625,-0.64375,-0.625,Negative
R0157,58.4375,52.5,61.25,0.584375,0.525,0.6125,0.14868750000000008,0.15312500000000018,0.16718750000000004,0.12343750000000009,0.14868750000000008,Slightly Positive
R0158,45.0,36.66666666666666,40.833333333333336,0.45,0.3666666666666666,0.4083333333333334,-0.18333333333333324,-0.16249999999999998,-0.18333333333333335,-0.20416666666666672,-0.18333333333333324,Slightly Negative
R0159,51.25,57.8125,50.0,0.5125,0.578125,0.5,0.059812500000000046,0.051562499999999956,0.04531250000000009,0.08437500000000009,0.059812500000000046,Slightly Positive
R0160,55.0,55.0,57.75,0.55,0.55,0.5775,0.11870000000000003,0.11375000000000002,0.12749999999999995,0.11375000000000002,0.11870000000000003,Slightly Positive
R0161,57.25,62.25,73.00000000000001,0.5725,0.6225,0.7300000000000001,0.28510000000000013,0.24875000000000003,0.3275000000000001,0.27375000000000016,0.28510000000000013,Slightly Positive
R0162,49.16666666666666,41.66666666666666,40.0,0.4916666666666666,0.4166666666666666,0.4,-0.12850000000000006,-0.10000000000000009,-0.14583333333333337,-0.13750000000000018,-0.12850000000000006,Slightly Negative
R0163,39.375,51.25,52.5,0.39375,0.5125,0.525,-0.044875,-0.08750000000000013,-0.021874999999999978,-0.028124999999999956,-0.044875,Slightly Negative
R0164,46.25,60.0,57.5,0.4625,0.6,0.575,0.09224999999999994,0.04999999999999982,0.10624999999999996,0.11874999999999991,0.09224999999999994,Slightly Positive
R0165,60.25,48.0,50.0,0.6025,0.48,0.5,0.05445000000000011,0.09250000000000003,0.04125000000000001,0.03125,0.05445000000000011,Slightly Positive
R0166,34.75,36.75,37.0,0.3475,0.3675,0.37,-0.27649999999999997,-0.28374999999999995,-0.27249999999999996,-0.27374999999999994,-0.27649999999999997,Slightly Negative
R0167,28.25,44.0,44.0,0.2825,0.44,0.44,-0.22394999999999998,-0.2775000000000001,-0.19874999999999998,-0.19874999999999998,-0.22394999999999998,Slightly Negative
R0168,68.75,46.25,68.75,0.6875,0.4625,0.6875,0.22650000000000015,0.26249999999999996,0.26249999999999996,0.1499999999999999,0.22650000000000015,Slightly Positive
R0169,80.3125,82.5,70.0,0.803125,0.825,0.7,0.5505624999999998,0.5656249999999998,0.5140624999999999,0.5765625000000001,0.5505624999999998,Moderately Positive
R0170,77.0,73.0,85.75,0.77,0.73,0.8575,0.5731000000000002,0.56375,0.6074999999999999,0.54375,0.5731000000000002,Moderately Positive
R0171,70.3125,66.25,66.875,0.703125,0.6625,0.66875,0.35606250000000017,0.3687499999999999,0.3515625,0.3484375000000002,0.35606250000000017,Slightly Positive
R0172,54.0,56.0,64.5,0.54,0.56,0.645,0.16460000000000008,0.14250000000000007,0.19500000000000006,0.15250000000000008,0.16460000000000008,Slightly Positive
R0173,62.5,45.0,49.6875,0.625,0.45,0.496875,0.04737500000000017,0.09843749999999996,0.034375000000000044,0.010937500000000044,0.04737500000000017,Slightly Positive
R0174,51.0,56.0,63.0,0.51,0.56,0.63,0.13460000000000005,0.10499999999999998,0.16500000000000004,0.13000000000000012,0.13460000000000005,Slightly Positive
R0175,33.5,38.0,31.25,0.335,0.38,0.3125,-0.3155999999999999,-0.31875,-0.32999999999999996,-0.29625,-0.3155999999999999,Slightly Negative
R0176,44.25,43.25,44.0,0.4425,0.4325,0.44,-0.12329999999999985,-0.12125000000000008,-0.12250000000000005,-0.12624999999999997,-0.12329999999999985,Slightly Negative
R0177,41.875,31.25,26.25,0.41875,0.3125,0.2625,-0.3388749999999999,-0.29375000000000007,-0.37187499999999996,-0.34687500000000004,-0.3388749999999999,Slightly Negative
R0178,59.16666666666666,78.33333333333333,63.333333333333336,0.5916666666666666,0.7833333333333333,0.6333333333333333,0.3381666666666667,0.2999999999999998,0.3208333333333333,0.39583333333333326,0.3381666666666667,Slightly Positive
R0179,62.5,62.5,52.49999999999999,0.625,0.625,0.5249999999999999,0.18199999999999994,0.19999999999999996,0.1499999999999999,0.19999999999999996,0.18199999999999994,Slightly Positive
R0180,80.0,77.5,71.25,0.8,0.775,0.7125,0.524,0.54375,0.5,0.53125,0.524,Moderately Positive
R0181,44.0,29.75,41.49999999999999,0.44,0.2975,0.4149999999999999,-0.23104999999999998,-0.2037500000000001,-0.21625000000000005,-0.27500000000000013,-0.23104999999999998,Slightly Negative
R0182,35.0,49.0,41.0,0.35,0.49,0.41,-0.16680000000000006,-0.20000000000000007,-0.17000000000000004,-0.13,-0.16680000000000006,Slightly Negative
R0183,61.25,62.5,68.75,0.6125,0.625,0.6875,0.2842500000000001,0.26875000000000004,0.3062499999999999,0.2749999999999999,0.2842500000000001,Slightly Positive
R0184,78.75,83.75,82.49999999999999,0.7875,0.8375,0.8249999999999998,0.6335000000000002,0.6187499999999999,0.6374999999999997,0.6437499999999998,0.6335000000000002,Moderately Positive
R0185,43.25,48.0,36.0,0.4325,0.48,0.36,-0.15294999999999992,-0.14749999999999996,-0.18375000000000008,-0.12375000000000003,-0.15294999999999992,Slightly Negative
R0186,49.25,52.0,36.0,0.4925,0.52,0.36,-0.08694999999999997,-0.06750000000000012,-0.13375000000000004,-0.053749999999999964,-0.08694999999999997,Slightly Negative
R0187,31.25,33.4375,25.0,0.3125,0.334375,0.25,-0.4030625,-0.39531249999999996,-0.42656249999999996,-0.384375,-0.4030625,Slightly Negative
R0188,43.75,39.0,54.5,0.4375,0.39,0.545,-0.08324999999999994,-0.09499999999999997,-0.04125000000000001,-0.11874999999999991,-0.08324999999999994,Slightly Negative
R0189,65.0,64.375,65.0,0.65,0.64375,0.65,0.2958750000000001,0.296875,0.296875,0.29374999999999996,0.2958750000000001,Slightly Positive
R0190,35.3125,22.5,40.3125,0.353125,0.225,0.403125,-0.3443125,-0.33281249999999996,-0.30781250000000004,-0.396875,-0.3443125,Slightly Negative
R0191,20.0,26.0,33.0,0.2,0.26,0.33,-0.472,-0.505,-0.43999999999999995,-0.475,-0.472,Slightly Negative
R0192,47.5,51.75,68.0,0.475,0.5175,0.68,0.11745000000000005,0.07374999999999998,0.17625000000000002,0.09499999999999997,0.11745000000000005,Slightly Positive
R0193,36.25,40.0,38.75,0.3625,0.4,0.3875,-0.23324999999999996,-0.24375000000000002,-0.23124999999999996,-0.22499999999999998,-0.23324999999999996,Slightly Negative
R0194,58.75,61.25,36.875,0.5875,0.6125,0.36875,0.042750000000000066,0.078125,-0.03124999999999989,0.09062499999999996,0.042750000000000066,Slightly Positive
R0195,69.0625,58.75,56.5625,0.690625,0.5875,0.565625,0.2281875000000002,0.2671874999999999,0.20468750000000013,0.21562500000000018,0.2281875000000002,Slightly Positive
R0196,25.3125,44.0625,43.75,0.253125,0.440625,0.4375,-0.24462499999999987,-0.30781250000000004,-0.21562499999999996,-0.21406250000000004,-0.24462499999999987,Slightly Negative
R0198,32.0,41.0,32.25,0.32,0.41,0.3225,-0.29889999999999994,-0.31375,-0.3125,-0.26875000000000004,-0.29889999999999994,Slightly Negative
R0199,49.0625,26.25,28.75,0.490625,0.2625,0.2875,-0.30743750000000003,-0.234375,-0.3359375,-0.34843749999999996,-0.30743750000000003,Slightly Negative
R0200,56.5625,55.0,66.25,0.565625,0.55,0.6625,0.18681250000000027,0.171875,0.2203124999999999,0.1640625,0.18681250000000027,Slightly Positive
