respondent_id,cluster_kmeans,cluster_hierarchical,anomaly_iso,anomaly_lof,anomaly_zscore,anomaly_iqr,anomaly_score_iso,anomaly_score_lof
R0001,1,0,0,0,0,0,0.4011188529478053,1.0031216240657932
R0002,1,0,0,0,0,0,0.4262884938365732,1.046392875403608
R0003,1,1,0,0,0,0,0.43353583693055703,0.9840278185691798
R0004,0,0,0,0,0,0,0.41369857772364355,0.9661456777339128
R0005,1,0,0,0,0,0,0.416061908283999,1.0098189305048406
R0006,1,1,0,0,0,0,0.44445165050671287,0.9978597107774817
R0007,1,0,0,0,0,0,0.4179987902288585,1.047714571545174
R0008,0,0,0,0,0,0,0.3979958226401198,0.9897817636531803
R0009,0,0,0,0,0,0,0.4135090288586232,0.97647613421054
R0010,1,0,0,0,0,0,0.4084878136740752,0.9936187719642515
R0011,0,0,1,0,0,0,0.5798259388454176,1.299640421456631
R0012,1,0,0,0,0,0,0.4007472225756818,1.0254378670264823
R0013,1,0,0,0,0,0,0.4459545285923677,1.180923566671407
R0014,1,0,0,0,0,0,0.4374649634844801,1.0723269300939653
R0015,1,0,0,0,0,0,0.40961623026828564,0.9986948280935293
R0016,0,0,1,1,0,1,0.702606367083162,1.8894648302309913
R0017,1,0,0,0,0,0,0.44495350621340984,1.1221651666533856
R0018,0,0,0,0,0,0,0.4900851951031163,1.0463993513544998
R0019,0,0,0,0,0,0,0.5276857290149948,1.0887636187416234
R0020,0,0,0,0,0,0,0.42601916588866107,1.0298597218220806
R0021,1,1,0,0,0,0,0.4857387001241797,1.071055898734069
R0022,1,1,0,0,0,0,0.43714920734399193,1.0236089273727769
R0023,0,0,0,0,0,0,0.4584230476797184,1.0808366389641293
R0024,1,1,0,0,0,0,0.47530477772002877,1.0588316240519657
R0025,1,1,0,0,0,0,0.45156980921664885,0.9855963071364192
R0026,1,0,0,0,0,0,0.39384035613308,0.966047115048655
R0027,0,0,0,0,0,0,0.4623923145461754,1.044941495750046
R0028,1,1,0,0,0,0,0.4410625249376359,0.993045187302374
R0029,1,0,0,0,0,0,0.4176295562947293,1.034086644530889
R0030,1,1,0,0,0,0,0.5540636015487316,1.13994345834995
R0031,0,0,0,0,0,0,0.41176740814569307,0.9803412594646724
R0032,1,0,0,0,0,0,0.4074213627765994,1.0313405335550716
R0033,0,0,0,0,0,0,0.4909743082702512,1.0437190420565934
R0034,1,1,0,1,0,0,0.5153892244444416,1.4971632399046146
R0035,0,0,0,0,0,0,0.4168298415383404,1.014649612153298
R0036,1,0,0,0,0,0,0.4284794336228322,1.0647328968988692
R0037,0,0,0,0,0,0,0.4047893286360232,0.9912367746460594
R0038,0,0,0,0,0,0,0.4358256150201373,1.0129823809060339
R0039,1,1,0,0,0,0,0.42005818250989707,0.9864273664621857
R0040,1,1,0,0,0,0,0.5240303439449183,1.132039919647558
R0041,0,0,1,1,0,0,0.6723615069826127,1.718196481624037
R0042,0,0,0,0,0,0,0.4759430343812694,1.033888408449378
R0043,1,1,1,1,0,0,0.6248815763055947,1.3337103093454286
R0044,1,1,0,0,0,0,0.5301503355429099,1.1606377220520847
R0045,1,1,1,1,0,0,0.6227948714472039,1.3418363134798812
R0046,1,1,0,0,0,0,0.41866105174160645,1.0105330663965442
R0047,1,0,0,0,0,0,0.39873157737352777,0.9665772259764498
R0048,1,1,0,0,0,0,0.4169573565495836,1.0130761860041546
R0049,1,0,0,0,0,0,0.41320678101121827,0.9954166669837827
R0050,1,1,0,0,0,0,0.4214473079866083,1.0012010925513946
R0051,0,0,0,0,0,0,0.490888126928848,1.0266723698191822
R0052,0,0,0,0,0,0,0.4299635179592722,1.030605431464123
R0053,1,1,1,1,0,0,0.6618603572105223,1.399087699558652
R0054,1,1,0,0,0,0,0.4086147823757689,0.9995997103632186
R0055,0,0,0,0,0,0,0.45951412703876726,1.1514029066571643
R0056,1,0,0,0,0,0,0.39067810307958045,0.9737459183546548
R0057,0,0,0,0,0,0,0.4035422970812465,0.9574464484696626
R0058,0,0,0,0,0,0,0.42414411078142245,0.9795497962392805
R0059,0,0,0,0,0,0,0.4603162283417015,1.1469645022726138
R0060,1,0,0,0,0,0,0.39425771377648916,0.9737510777097749
R0061,0,0,1,1,0,0,0.5726240538142778,1.3140042981175282
R0062,1,1,0,0,0,0,0.4268152460972579,0.9750076689048376
R0063,0,0,0,0,0,0,0.4716643759780573,1.0804049410135188
R0064,1,1,0,0,0,0,0.4216596945909147,0.9855440601309265
R0065,0,0,1,0,0,0,0.5820369674275423,1.2915123029119435
R0066,1,1,0,0,0,0,0.4828793753156266,1.0580385011409936
R0067,0,0,0,0,0,0,0.4332403549292807,1.003648511629527
R0068,1,1,0,0,0,0,0.47497764147274124,1.0476674704121511
R0069,1,1,1,1,0,0,0.6402192838105872,1.3595512897774125
R0070,0,0,0,0,0,0,0.42586154323867,0.9895173450027548
R0071,1,0,0,0,0,0,0.4357822072493339,1.0461146325922923
R0072,1,0,0,0,0,0,0.41801517930362214,1.001515639584962
R0073,1,1,0,0,0,0,0.4255761468543897,1.0706307249818752
R0074,1,1,0,0,0,0,0.4640751389737248,1.0425550780700181
R0075,0,0,1,1,0,1,0.7160243680717086,1.9959046412115657
R0076,0,0,0,0,0,0,0.40200371225294956,0.9807484050587638
R0077,0,0,0,0,0,0,0.46789070027542234,1.0819602427509036
R0078,0,0,0,0,0,0,0.4586185914310932,1.0938734759516162
R0079,1,1,0,0,0,0,0.5355935992450523,1.1527754109671133
R0080,1,1,0,0,0,0,0.4124410957191143,0.981260468646758
R0081,0,0,0,0,0,0,0.45893648972033924,1.1333228397334563
R0082,0,0,0,0,0,0,0.4255378887638363,1.0051672701312646
R0083,1,0,0,0,0,0,0.449525228446412,1.1381827741714325
R0084,0,0,0,0,0,0,0.43550939287334905,1.050049837758689
R0085,1,0,0,0,0,0,0.4372826700886599,1.0940508431529588
R0086,1,0,0,0,0,0,0.398683342468749,1.021849615195714
R0087,1,0,0,0,0,0,0.4020962369619942,0.9895550528249932
R0088,1,0,0,0,0,0,0.4068448730850691,0.9800705894120408
R0089,0,0,0,0,0,0,0.45345929816794694,1.1630221568670196
R0090,0,0,0,0,0,0,0.43865598175882875,1.0834756279606137
R0091,1,0,0,0,0,0,0.43667568992230626,1.113924102070571
R0092,1,1,0,0,0,0,0.5517932737316533,1.1338614077630491
R0093,1,0,0,0,0,0,0.4113962747812079,0.9686306113196925
R0094,0,0,0,0,0,0,0.5376092135869516,1.1334896911772412
R0095,1,1,0,0,0,0,0.43122163168261896,1.0586328207740312
R0096,1,1,0,0,0,0,0.4514797608862613,1.0304613451675648
R0097,1,0,0,0,0,0,0.45108611303617385,1.13356483655951
R0098,0,0,0,0,0,0,0.41127707790144374,0.9915649406030423
R0099,0,0,0,0,0,0,0.42928967295724735,1.017457644789255
R0100,1,1,0,0,0,0,0.4166363123306865,0.9985260171066317
R0101,1,0,0,0,0,0,0.40373757382450853,0.9956151111354801
R0102,1,1,0,0,0,0,0.4162846245302554,0.999501542174482
R0103,1,1,0,0,0,0,0.4635498459842569,1.2183978939074083
R0104,0,0,0,0,0,0,0.4157401042547456,1.0586739418941604
R0105,1,1,0,0,0,0,0.4016230193469211,0.9810855999700431
R0106,1,0,0,0,0,0,0.3984590828572696,0.9685199971627547
R0107,0,0,0,0,0,0,0.49076873833155893,1.2166243204138836
R0108,0,0,0,0,0,0,0.47863259371520317,1.0274530230988257
R0109,0,0,0,0,0,0,0.4579073924281822,1.0222475967214635
R0110,1,0,0,0,0,0,0.4005902333809163,1.0127802514442619
R0111,0,0,0,0,0,0,0.4290598935726422,0.9850462639012155
R0112,1,0,0,0,0,0,0.40131121784476986,0.9875906776464756
R0113,1,1,0,0,0,0,0.41379314242326437,0.9728413663501623
R0114,0,0,0,0,0,0,0.40484646859582846,0.9906074718933873
R0115,1,1,0,1,0,0,0.5144354720721117,1.4000741089879551
R0116,1,1,0,0,0,0,0.5322493433155767,1.1300100862761693
R0117,1,0,0,0,0,0,0.4034142234676239,1.0204026529898511
R0118,1,1,0,0,0,0,0.41566745244835435,1.0107835888256558
R0119,0,0,0,0,0,0,0.44071821233172703,1.1069807465768458
R0120,1,0,0,0,0,0,0.39894727847737954,1.0103507845882205
R0121,1,0,0,0,0,0,0.39946861573056897,1.0115673014956674
R0122,0,0,0,0,0,0,0.4712395505993854,1.0271783046780958
R0123,0,0,0,0,0,0,0.5296764962530784,1.1119449773375236
R0124,0,0,0,0,0,0,0.4707973797019964,1.2058181774334915
R0125,1,1,0,0,0,0,0.43793193265443636,0.9901650513673864
R0126,1,1,0,0,0,0,0.40977710701949555,0.9747066925482416
R0127,1,0,0,0,0,0,0.3857542916627239,0.970514771809458
R0128,1,1,0,0,0,0,0.45086447617278363,1.0290248299214275
R0129,1,0,0,0,0,0,0.42171984489285597,1.0168663277909926
R0130,1,0,0,0,0,0,0.4204882327699261,1.0082680327603755
R0131,1,0,0,0,0,0,0.43038989907716535,1.0408645245337387
R0132,1,1,0,0,0,0,0.4001218556828534,0.9851289275859585
R0133,1,0,0,0,0,0,0.41605349523834817,1.0025581419262213
R0134,0,0,0,0,0,0,0.46277430693886623,1.007900662297802
R0135,1,1,0,0,0,0,0.5663048494221555,1.1717080887402995
R0136,1,0,0,0,0,0,0.4159866882419284,1.009556582810612
R0137,0,0,0,0,0,0,0.40991804688868616,0.9446387292599441
R0138,0,0,0,0,0,0,0.41992479206381095,0.9948201263148425
R0139,0,0,0,0,0,0,0.4660762816107984,1.0168841915137825
R0140,0,0,0,0,0,0,0.4864672400938467,1.1374982226174852
R0141,0,0,0,0,0,0,0.46671276660910677,1.0268043686602804
R0142,1,0,0,0,0,0,0.3988382471506198,0.9790069382354435
R0143,1,0,0,0,0,0,0.4119124315487103,0.9762135207737902
R0144,0,0,0,0,0,0,0.4631663351741896,1.0099232645502978
R0145,1,0,0,0,0,0,0.4300041612533022,1.0840783267108571
R0146,0,0,0,0,0,0,0.4223667045424618,1.0461593600725096
R0147,1,1,0,0,0,0,0.49809988226802915,1.0687648965164713
R0148,0,0,0,0,0,0,0.4455446751809862,1.014068696911148
R0149,1,1,0,0,0,0,0.46405867797219646,1.0388678621999121
R0150,1,1,0,0,0,0,0.4477652541293628,1.0912832530359657
R0151,0,0,0,0,0,0,0.5416439977165032,1.1472457515692065
R0152,0,0,0,0,0,0,0.4335454613216041,1.0203623018813757
R0153,1,0,0,0,0,0,0.386292540632194,0.9519479315687773
R0154,1,0,0,0,0,0,0.41178512189666183,1.0106674557496538
R0155,1,1,0,0,0,0,0.4692573327335999,1.0356672701835152
R0156,1,1,0,0,0,0,0.5719496425552563,1.2158449786801406
R0157,0,0,0,0,0,0,0.41903177041061196,0.9658838189958688
R0158,1,0,0,0,0,0,0.4074902459199285,0.9905841311451363
R0159,0,0,0,0,0,0,0.40871836994141686,1.0197962097199114
R0160,0,0,0,0,0,0,0.4204778821321968,0.9752962720260407
R0161,0,0,0,0,0,0,0.4600303564701796,1.0575659686658967
R0162,1,0,0,0,0,0,0.39898618307041156,1.020863189226117
R0163,1,0,0,0,0,0,0.4200379553950837,1.0025079760451794
R0164,0,0,0,0,0,0,0.43479448253730846,1.046033637341543
R0165,1,0,0,0,0,0,0.44753205782439376,1.115898135604332
R0166,1,1,0,0,0,0,0.4090376448394998,0.978502635026857
R0167,1,1,0,0,0,0,0.445338979681458,1.0381470844116658
R0168,0,0,0,0,0,0,0.5076551885679826,1.2395101533869022
R0169,0,0,0,0,0,0,0.5632746360009853,1.1253903741400932
R0170,0,0,0,0,0,0,0.5353846074963333,1.1660341675250279
R0171,0,0,0,0,0,0,0.4436939131665722,1.0060857460168489
R0172,0,0,0,0,0,0,0.41005771966011356,0.9587283763908131
R0173,0,0,0,0,0,0,0.4541434550491981,1.1443599390853458
R0174,0,0,0,0,0,0,0.42856143000655,0.9766856096333301
R0175,1,1,0,0,0,0,0.42004778596875936,0.9844080915442532
R0176,1,0,0,0,0,0,0.3919182899026772,0.9558588920003093
R0177,1,1,0,0,0,0,0.4481874118188778,1.0610523492962807
R0178,0,0,0,0,0,0,0.4748210443584128,1.0801297102200458
R0179,0,0,0,0,0,0,0.43021118897722666,0.9924464466028093
R0180,0,0,0,0,0,0,0.5135656465008644,1.0798056324948173
R0181,1,0,0,0,0,0,0.4264154684845355,1.080791089463944
R0182,1,0,0,0,0,0,0.42695554936184044,0.9908716796581747
R0183,0,0,0,0,0,0,0.4222878903105045,1.0064188493634512
R0184,0,0,0,0,0,0,0.5650629716305996,1.2085379542990342
R0185,1,0,0,0,0,0,0.4168670172602941,0.9846741739690698
R0186,1,0,0,0,0,0,0.42283501042749827,1.0191540424051773
R0187,1,1,0,0,0,0,0.4469208603574218,0.9873530890109221
R0188,1,0,0,0,0,0,0.42638338637571654,1.0218211758062636
R0189,0,0,0,0,0,0,0.4430722669774474,1.0180062153824765
R0190,1,1,0,0,0,0,0.44314418713488346,1.073428805860882
R0191,1,1,0,0,0,0,0.47921697720303036,1.034450316331633
R0192,0,0,0,0,0,0,0.44879851294086703,1.053185699523223
R0193,1,1,0,0,0,0,0.4060108519861025,0.9836206525719812
R0194,0,0,0,0,0,0,0.4590801879428471,1.28247778392144
R0195,0,0,0,0,0,0,0.43066903273805746,1.0338419800535055
R0196,1,1,0,0,0,0,0.4486754798583548,1.0762184793751985
R0198,1,1,0,0,0,0,0.422777612557854,0.9851989668899609
R0199,1,1,0,0,0,0,0.4808591505945059,1.285061465513347
R0200,0,0,0,0,0,0,0.425762005829674,0.9635616454208653
