feature,mean_abs_shap
T_ID_t3,0.023918099227154512
ECV_Investigator_ID,0.023910477073189614
ECV_CorrectionalOfficer_FCNC,0.023538109279976693
T_ID_t1,0.023529804220572024
T_FCNC_t1,0.020705780820579483
T_VfV_t3,0.020383475263783993
ECV_Judge_ID,0.020334702369587895
ECV_CorrectionalOfficer_ID,0.01872768288833623
T_FCNC_t3,0.01810829659322689
ECV_Judge_FCNC,0.01799470824719226
T_VfV_t4,0.017413036288180275
ECV_CorrectionalOfficer_VfV,0.017111594570594094
ECV_Investigator_FCNC,0.016883826770183945
T_FCNC_t4,0.015876459433174797
T_ID_t4,0.015553627475120008
ECV_Prosecutor_FCNC,0.014481429098019694
ECV_Judge_VfV,0.013924616666868462
T_FCNC_t2,0.00959763064155546
ECV_Investigator_VfV,0.007877384504239351
T_VfV_t1,0.0075959585798016
ECV_Prosecutor_ID,0.007594941250283877
T_ID_t2,0.007285809319408397
T_VfV_t2,0.005838131754376212
ECV_Judge_Consistency,0.005264753392545855
ECV_Prosecutor_VfV,0.004934399912642053
ECV_Advocate_ID,0.004444071447959697
ECV_Advocate_FCNC,0.004380732063959631
ECV_Advocate_VfV,0.0040310582490123825
ECV_Advocate_Consistency,0.0031727406905730105
Trend_VfV,0.0027088311973798495
MaxDrop_ID,0.0025617455933693288
Trend_FCNC,0.0025240600696389334
n_actors_encountered,0.002495305265267827
MaxDrop_VfV,0.0024633764791264176
Var_ID,0.0023694536237353543
Trend_ID,0.0022884118756325415
ECV_Prosecutor_Consistency,0.0021405657386199023
Var_VfV,0.002085440278412918
ECV_CorrectionalOfficer_Consistency,0.002059289661788987
ECV_Investigator_Consistency,0.0019053171385707138
case_type_encoded,0.0018409884944445357
MaxDrop_FCNC,0.001696494254696829
sentence_length_months,0.0016344158189385794
Var_FCNC,0.0015400650163509444
education_encoded,0.0014888266818305722
time_served_months,0.0012723950117523996
age,0.0012387831285137392
institution_encoded,0.0011893424566612463
region_encoded,0.0010362775118673332
gender_encoded,0.00034757166572599443
